Name,Age,IT,SP,ST,EN,DU,DI,SK,PA,PC,DF,SC,EX,LD,OV
Aaron Haydon
Alex Kannok-Leipert
Brayden Chizen
Filip Ahl
Gabriel Fontaine
John Marino,0,73.0,56.0,1.0,76.0,65.0,70.0,1.0,76.0,76.0,76.0,73.0,35.0,33.0,63.0,1.0,1.0,56.0
Jordan Sambrook
Kristoffer Gunnarsson
Logan Cockerill
Marc McNulty
Marcus Karlberg
Marcus Vela
Matt Ustaski
Nicklaus Perbix
Patrik Siikanen
Sean Day
Wyatte Wylie
Alec Regula
Adam Boqvist,0,67.0,41.0,1.0,74.0,64.0,70.0,1.0,74.0,74.0,67.0,72.0,35.0,33.0,59.0,1.0,1.0,41.0
Akil Thomas
Alexander Volkov,0,69.0,9.0,1.0,69.0,57.0,62.0,1.0,69.0,69.0,66.0,60.0,35.0,33.0,53.0,1.0,1.0,9.0
Alexei Lipanov
Allan McShane
Brent Gates
Bryce Misley
Christopher Paquette
Dennis Busby
Gabriel Carlsson,0,67.0,6.0,4.0,70.0,57.0,69.0,1.0,62.0,60.0,68.0,62.0,35.0,33.0,49.0,4.0,1.0,6.0
Guillaume Brisebois,0,60.0,0.0,1.0,64.0,57.0,70.0,0.0,57.0,54.0,62.0,59.0,35.0,33.0,45.0,1.0,0.0,0.0
Gustav Lindstrom,0,69.0,16.0,1.0,69.0,59.0,64.0,1.0,69.0,60.0,69.0,62.0,35.0,33.0,52.0,1.0,1.0,16.0
Jan Drozg
Janne Kuokkanen,0,69.0,1.0,3.0,69.0,56.0,68.0,1.0,60.0,59.0,65.0,60.0,35.0,33.0,50.0,3.0,1.0,1.0
Jansen Harkins,0,64.0,29.0,1.0,70.0,62.0,70.0,1.0,70.0,66.0,66.0,66.0,35.0,33.0,55.0,1.0,1.0,29.0
Joe Wegwerth
Joel Hofer
Jordan Hollett
Mario Ferraro,0,74.0,61.0,1.0,75.0,67.0,68.0,1.0,74.0,69.0,71.0,66.0,35.0,33.0,61.0,1.0,1.0,61.0
Martin Pospisil
Max Jones,0,71.0,59.0,2.0,76.0,64.0,66.0,1.0,66.0,64.0,69.0,69.0,35.0,33.0,58.0,2.0,1.0,59.0
Max Zimmer
Michael McLeod,0,70.0,12.0,2.0,70.0,59.0,66.0,1.0,70.0,69.0,66.0,60.0,35.0,33.0,53.0,2.0,1.0,12.0
Mitchell Vande Sompel
Nick Merkley
Shawn Boudrias
Wouter Peeters
Calen Addison
Alex Dostie
Andrew Fritsch
Avery Peterson
"Brendan O'Donnell"
Brent Pedersen
Brett Davis
Chris Wilkie
Christopher Brown
Daniel Bernhardt
Dylan Ferguson
Eric Neilson
Gilles Senn
Jack Walker
Jordan Morrison
Magnus Chrona
Marek Langhamer
Nick Walters
Olle Lycksell
P.J. Fenton
Patrick Daly
Paul Cotter
Riley Bruce
Stepan Falkovsky
Travis Brown
Xavier Bouchard
Yan-Pavel Laplante
Pius Suter
Ben Betker
Isaac Ratcliffe
Adam Musil
Albin Eriksson
Alex Formenton,0,66.0,0.0,2.0,65.0,56.0,64.0,0.0,57.0,56.0,64.0,63.0,35.0,33.0,49.0,2.0,0.0,0.0
Artur Kayumov
Austin Poganski,0,60.0,1.0,1.0,68.0,55.0,70.0,1.0,60.0,59.0,65.0,60.0,35.0,33.0,49.0,1.0,1.0,1.0
Axel Jonsson-Fjallby
Chase Pearson
Chris Calnan
Curtis Douglas
Danila Zhuravlyov
David Drake
David Pope
Denis Bodrov
Derek Mathers
Dominik Bielke
Edgars Kulda
Evan Bouchard,0,63.0,0.0,1.0,65.0,57.0,70.0,0.0,57.0,58.0,63.0,68.0,35.0,33.0,47.0,1.0,0.0,0.0
Evgeny Svechnikov,0,68.0,4.0,3.0,69.0,57.0,64.0,1.0,62.0,58.0,65.0,62.0,35.0,33.0,50.0,3.0,1.0,4.0
Fabian Zetterlund
Filip Westerlund
Francois Tremblay
Garrett Metcalf
Geoffrey Schemitsch
Jack Dugan
Jack LaFontaine
Jason Clark
Jean-Sebastien Berube
Joachim Nermark
Joe Masonius
Jonas Rondbjerg
Jonathan Iilahti
Joseph Palmer
Julian Melchiori,0,67.0,0.0,3.0,69.0,60.0,70.0,0.0,66.0,62.0,64.0,56.0,35.0,33.0,48.0,3.0,0.0,0.0
Justin Holl,0,72.0,68.0,3.0,76.0,62.0,68.0,1.0,73.0,71.0,75.0,65.0,39.0,37.0,62.0,3.0,1.0,68.0
Keegan Kolesar,0,69.0,1.0,1.0,69.0,55.0,70.0,1.0,60.0,59.0,65.0,60.0,35.0,33.0,50.0,1.0,1.0,1.0
Klim Kostin,0,69.0,4.0,1.0,69.0,56.0,70.0,1.0,60.0,60.0,65.0,69.0,35.0,33.0,52.0,1.0,1.0,4.0
Kyle Schempp
Maksim Zhukov
Mason McDonald
Matt Marquardt
Max Gordichuk
Mitch Gaulton
Morgan Barron
Nils Lundkvist
Peter Diliberatore
Richard Nedomlel
Riley Boychuk
Robin Salo
Scott Walford
Sean Maguire
Stanislav Balan
Stuart Skinner
Taylor Stefishen
Todd Burgess
Tomas Zaborsky
Troy Bourke
Ty Emberson
Ty Morris
Vaclav Karabacek
William Lockwood
Zach Tarkir
Riley Stotts
Ty Dellandrea
Andrew Peeke,0,68.0,22.0,1.0,70.0,61.0,70.0,1.0,70.0,67.0,68.0,68.0,35.0,33.0,54.0,1.0,1.0,22.0
Boris Katchouk
Brycen Martin
Cameron Morrison
Chris Martenet
Clayton Phillips
Connor Chatham
Demetrios Koumontzis
Dustyn McFaul
Filip Zadina,0,66.0,28.0,2.0,74.0,60.0,70.0,1.0,74.0,74.0,66.0,74.0,35.0,33.0,58.0,2.0,1.0,28.0
Jack Badini
Jack McBain
Jake Oettinger
Jesper Boqvist,0,69.0,35.0,1.0,70.0,63.0,70.0,1.0,60.0,56.0,66.0,69.0,35.0,33.0,54.0,1.0,1.0,35.0
Josh Brook
Josh Norris,0,69.0,3.0,1.0,69.0,56.0,70.0,1.0,60.0,61.0,68.0,60.0,35.0,33.0,50.0,1.0,1.0,3.0
Julien Gauthier,0,68.0,17.0,1.0,69.0,59.0,64.0,1.0,69.0,66.0,66.0,60.0,35.0,33.0,53.0,1.0,1.0,17.0
Kailer Yamamoto,0,73.0,27.0,3.0,76.0,59.0,70.0,1.0,76.0,74.0,67.0,74.0,35.0,33.0,59.0,3.0,1.0,27.0
Keven Bouchard
Leon Gawanke
Libor Hajek,0,70.0,28.0,2.0,70.0,59.0,68.0,1.0,70.0,70.0,70.0,67.0,35.0,33.0,56.0,2.0,1.0,28.0
Linus Lindstrom
Logan Brown,0,66.0,23.0,3.0,70.0,58.0,70.0,1.0,70.0,70.0,66.0,63.0,35.0,33.0,55.0,3.0,1.0,23.0
Mattias Samuelsson
Morgan Frost,0,64.0,20.0,1.0,70.0,60.0,70.0,1.0,70.0,70.0,66.0,68.0,35.0,33.0,55.0,1.0,1.0,20.0
Noah Cates
Reilly Walsh
Roman Durny
Ryan Lindgren,0,76.0,60.0,2.0,76.0,63.0,64.0,1.0,72.0,71.0,77.0,63.0,35.0,33.0,61.0,2.0,1.0,60.0
Ryan McGregor
Shane Eiserman
Slava Demin
Stelio Mattheos
Steven Lorentz
Urho Vaakanainen,0,67.0,5.0,2.0,69.0,56.0,70.0,1.0,60.0,61.0,69.0,62.0,35.0,33.0,49.0,2.0,1.0,5.0
Zach Fischer
Alex Green
Jonny Tychonick
Linus Karlsson
Logan Hutsko
Olivier Rodrigue
Sampo Ranta
Alexander Dergachyov
Alexis Gravel
Arnaud Durandeau
Chandler Yakimowicz
Christian Krygier
Cole Fonstad
Cole Fraser
Cole Ully
Collin Shirley
Dylan Sadowy
Dysin Mayo
Hunter Fejes
Julius Nattinen
Luke Opilka
Matt Buckles
Nikolas Brouillard
Tyson Baillie
Wilhelm Westlund
Joonas Oden
Sean Walker,0,70.0,70.0,2.0,77.0,65.0,73.0,1.0,75.0,78.0,71.0,71.0,38.0,36.0,64.0,2.0,1.0,70.0
Joel Kiviranta,0,69.0,11.0,1.0,69.0,58.0,69.0,1.0,60.0,62.0,66.0,67.0,35.0,33.0,52.0,1.0,1.0,11.0
Adam Werner
Andreas Soderberg
Ashton Bernard
Benjamin Casavant
Brody Sutter,0,67.0,0.0,2.0,63.0,60.0,70.0,0.0,54.0,53.0,59.0,54.0,35.0,33.0,46.0,2.0,0.0,0.0
C.J. Severyn
Corbin McPherson
David Bernhardt
Filip Sveningsson
Ivan Fedotov
Jermaine Loewen
Kenton Helgesen
Mackenze Stewart
Mark Goggin
Matthew Phillips
Maxime Gratchev
Mike Kesselring
Mirko Hoefflin
Radovan Bondra
Ryan Button
Santeri Saari
Scott Stajcer
Taylor Ellington
Toni Utunen
Troy Josephs
Joakim Nygard,0,66.0,33.0,1.0,70.0,63.0,70.0,1.0,70.0,70.0,66.0,67.0,35.0,33.0,56.0,1.0,1.0,33.0
Nick Halloran
Sebastian Vidmar
Olie Alsing
Aapeli Rasanen
Alexander Polunin
Alexander True,0,69.0,12.0,1.0,69.0,58.0,70.0,1.0,69.0,69.0,66.0,60.0,35.0,33.0,53.0,1.0,1.0,12.0
Anatoly Golyshev
Andrei Svetlakov
Anthony Salinitri
Cameron Hughes,0,69.0,1.0,1.0,69.0,55.0,70.0,1.0,60.0,59.0,69.0,60.0,35.0,33.0,50.0,1.0,1.0,1.0
Connor Corcoran
Damien Riat
David Quenneville
Erik Brannstrom,0,66.0,31.0,2.0,70.0,59.0,68.0,1.0,70.0,69.0,67.0,62.0,35.0,33.0,55.0,2.0,1.0,31.0
Filip Berglund
Filip Larsson
Garrett Pilon
Igor Rykov
Ivan Chekhovich
Jacob Cederholm
Jacob Golden
Kasper Bjorkqvist
Kieffer Bellows,0,69.0,8.0,1.0,69.0,57.0,70.0,1.0,69.0,68.0,66.0,69.0,35.0,33.0,54.0,1.0,1.0,8.0
Kyle Copablanco
Liam Hawel
Linus Cronholm
Louis Belpedio
Lucas Carlsson,0,69.0,6.0,1.0,69.0,57.0,70.0,1.0,69.0,69.0,68.0,62.0,35.0,33.0,52.0,1.0,1.0,6.0
Lucas Johansen
Luke Stevens
Markus Phillips
Mason Shaw
Matthew Strome
Matthew Villalta
Max Lajoie
Nicholas Caamano
Ostap Safin
Sasha Chmelevski
Simon Stransky
Tyler Benson,0,64.0,7.0,1.0,69.0,57.0,70.0,1.0,69.0,69.0,65.0,60.0,35.0,33.0,52.0,1.0,1.0,7.0
Tyler Parsons
Ukko-Pekka Luukkonen
Vladimir Bobylev
William Bitten
William Worge-Kreu
Noah Gregor,0,70.0,28.0,1.0,70.0,62.0,69.0,1.0,66.0,62.0,65.0,68.0,35.0,33.0,55.0,1.0,1.0,28.0
Chase Lang
Igor Shvyrev
Jedd Soleway
Jiri Patera
Linus Weissbach
Marcus Westfalt
Mathias From
Nick Boka
Nikolai Kovalenko
Oleg Sosunov
Sam Ruopp
Tarmo Reunanen
Adam Ollas-Mattsson
Alexandre Texier,0,66.0,36.0,2.0,74.0,60.0,70.0,1.0,70.0,69.0,66.0,74.0,35.0,33.0,58.0,2.0,1.0,36.0
Alexei Toropchenko
Andrei Altybarmakyan
Anton Cederholm
Beck Malenstyn,0,69.0,3.0,1.0,69.0,56.0,70.0,1.0,60.0,59.0,69.0,60.0,35.0,33.0,50.0,1.0,1.0,3.0
Brent Andrews
Carter Hart
Cedric Pare
Fedor Gordeev
Frederik Tiffels
Gabryel Boudreau
Hudson Elynuik
J.D. Greenway
Jack Kopacka
Jack Rathbone
Jasper Weatherby
Jett Woo
Josh Mahura,0,64.0,11.0,2.0,70.0,58.0,70.0,1.0,70.0,70.0,67.0,70.0,35.0,33.0,54.0,2.0,1.0,11.0
Juuso Valimaki,0,65.0,0.0,1.0,67.0,60.0,68.0,0.0,65.0,60.0,68.0,63.0,35.0,33.0,49.0,1.0,0.0,0.0
Kole Lind
Kyle Jenkins
Kyle Platzer
Mac Hollowell
Mark Shoemaker
Michael Prapavessis
Mike Callahan
Mikhail Maltsev
Miro Karjalainen
Nate Schnarr
Nathan Smith,0,64.0,0.0,1.0,62.0,60.0,45.0,0.0,54.0,53.0,59.0,54.0,46.0,44.0,45.0,1.0,0.0,0.0
Pavel Karnaukhov
Pierre-Olivier Joseph
Quinn Hughes,0,65.0,68.0,2.0,80.0,64.0,75.0,1.0,80.0,80.0,66.0,72.0,35.0,33.0,64.0,2.0,1.0,68.0
Reece Scarlett
Riley Stillman,0,70.0,34.0,2.0,70.0,60.0,70.0,1.0,70.0,70.0,70.0,62.0,35.0,33.0,56.0,2.0,1.0,34.0
Ross Colton
Simon Bourque
Will Borgen
Zachary Emond
Aidan Dudas
Alexander Romanov
Filip Hallander
Ryan Merkley
"Ryan O'Reilly",0,70.0,71.0,11.0,82.0,85.0,80.0,1.0,83.0,84.0,76.0,75.0,80.0,77.0,69.0,11.0,1.0,71.0
Tyler Weiss
Cole Hults
Ivan Chukarov
Jeremy Gregoire
Jeremy Helvig
Justin Hache
Konstantin Volkov
Mikael Hakkarainen
Mitchell Hoelscher
Radim Salda
Samuel Walker
Ty Ronning
Timur Bilyalov
Angus Crookshank
Brendan Burke
Carson Meyer
Dmitry Sokolov
Dylan Wells
Eric Roy
Felix Girard
Josh Wesley
Kale Howarth
Karch Bachman
Kirill Slepets
Lukas Jasek
Luke Loheit
Michael Clarke
Mike Robinson
Ryan Pilon
Saku Salminen
Sam Steel,0,65.0,65.0,2.0,77.0,64.0,71.0,1.0,73.0,74.0,67.0,70.0,35.0,33.0,60.0,2.0,1.0,65.0
Scott Reedy
Ty Lewis
Tyler Nanne
Vasili Glotov
Victor Brattstrom
Adam Ginning
Benton Maass
Bokondji Imama
Cale Fleury,0,74.0,41.0,1.0,74.0,64.0,70.0,1.0,60.0,56.0,71.0,64.0,35.0,33.0,54.0,1.0,1.0,41.0
Calvin Thurkauf,0,69.0,3.0,1.0,69.0,56.0,70.0,1.0,60.0,59.0,67.0,60.0,35.0,33.0,50.0,1.0,1.0,3.0
Colton White,0,67.0,6.0,2.0,69.0,56.0,66.0,1.0,60.0,59.0,69.0,62.0,35.0,33.0,49.0,2.0,1.0,6.0
Connor Hall
David Kase,0,65.0,6.0,1.0,69.0,57.0,70.0,1.0,60.0,59.0,66.0,69.0,35.0,33.0,52.0,1.0,1.0,6.0
Denis Gurianov,0,68.0,64.0,3.0,74.0,64.0,75.0,1.0,71.0,73.0,66.0,74.0,35.0,33.0,61.0,3.0,1.0,64.0
Dmitri Semykin
Hardy Haman-Aktell
J.D. Dudek
Jacob Olofsson
Jake Jackson
Jake Wise
Jakub Skarek
Jared Moe
Jeremy Swayman
Jesse Ylonen
John St. Ivany
Jonathan Kovacevic
Josiah Slavin
Julien Pelletier
Kelly Summers
Lukas Dostal
Marcus Soberg
Michael DiPietro
Nathan Bastian,0,69.0,0.0,1.0,66.0,57.0,52.0,0.0,57.0,58.0,61.0,69.0,35.0,33.0,50.0,1.0,0.0,0.0
Niclas Almari
Nico Gross
Niklas Nordgren
Oliver Wahlstrom,0,68.0,9.0,1.0,69.0,57.0,67.0,1.0,60.0,56.0,66.0,60.0,35.0,33.0,50.0,1.0,1.0,9.0
Oskar Back
Patrick Koudys
Sebastian Walfridsson
Tim Gettinger,0,69.0,2.0,1.0,69.0,55.0,70.0,1.0,69.0,69.0,66.0,60.0,35.0,33.0,52.0,1.0,1.0,2.0
Trent Frederic,0,69.0,2.0,2.0,69.0,57.0,56.0,1.0,60.0,58.0,65.0,60.0,35.0,33.0,49.0,2.0,1.0,2.0
Veeti Vainio
Vladislav Yeryomenko
Wyatt Kalynuk
Cal Foote
Erik Foley
Adam Huska
Arvid Holm
Benoit-Olivier Groulx
Blade Jenkins
Brett Stapley
Joe Veleno
Karel Vejmelka
Milos Roman
Mitchell Mattson
Nathan Clurman
Nick Pastujov
Pontus Holmberg
Skyler McKenzie
Tyler Inamoto
Akira Schmid
Amir Miftakhov
Jack Drury
Jared McIsaac
Jesper Eliasson
"K'Andre Miller"
Ty Smith
Dominik Masin
Miroslav Svoboda
Tony Calderone
Andrew Shortridge
Ilya Mikheyev,0,68.0,39.0,1.0,74.0,64.0,70.0,1.0,74.0,73.0,74.0,73.0,35.0,33.0,60.0,1.0,1.0,39.0
Alexander Yelesin,0,69.0,4.0,1.0,69.0,56.0,70.0,1.0,60.0,61.0,65.0,62.0,35.0,33.0,49.0,1.0,1.0,4.0
Artem Zagidulin
Brandon Duhaime
Jacob Moverare
Alec Dillon
Austin Wuthrich
Ben Jones
Blake Heinrich
Casey Staum
Chad Krys
Dillon Dube,0,68.0,45.0,2.0,73.0,63.0,71.0,1.0,73.0,68.0,66.0,69.0,35.0,33.0,58.0,2.0,1.0,45.0
Dominik Lakatos
Evan Fitzpatrick
Fabrice Herzog
Filip Johansson
Frans Tuohimaa
Gregory Hofmann
Gustav Bouramman
Gustav Possler
Jack Studnicka,0,69.0,2.0,1.0,69.0,55.0,60.0,1.0,69.0,69.0,65.0,60.0,35.0,33.0,52.0,1.0,1.0,2.0
Jesse Gabrielle
Johan Sodergran
Kendall McFaull
Kole Sherwood,0,69.0,3.0,2.0,69.0,56.0,65.0,1.0,60.0,62.0,66.0,60.0,35.0,33.0,50.0,2.0,1.0,3.0
Kyle Olson
MacKenzie Entwistle
Macmillian Carruth
Maksim Sushko
Matt Filipe
Matthew Mistele
Morgan Geekie,0,69.0,2.0,1.0,69.0,55.0,60.0,1.0,69.0,69.0,69.0,69.0,35.0,33.0,54.0,1.0,1.0,2.0
Nick Ebert
Nikita Korostele
Niko Mikkola,0,66.0,5.0,1.0,69.0,56.0,70.0,1.0,69.0,69.0,69.0,62.0,35.0,33.0,51.0,1.0,1.0,5.0
Patrick Kudla
Scott Valentine
Spencer Stastney
Taylor Raddysh
Travis Barron
Tyler Tucker
Wesley Myron
Aaron Irving
Ben Storm
Benjamin Finkelstein
Collin Olson
Colton Point
Dante Salituro
David Gustafsson,0,62.0,22.0,1.0,67.0,61.0,70.0,1.0,60.0,59.0,66.0,64.0,35.0,33.0,51.0,1.0,1.0,22.0
Denis Smirnov
Dylan Labbe
Henri Ikonen
Jonatan Nielsen
Justin Schutz
Markus Nurmi
Matt Brassard
Otto Koivula,0,67.0,12.0,1.0,69.0,58.0,70.0,1.0,60.0,59.0,66.0,60.0,35.0,33.0,50.0,1.0,1.0,12.0
Quentin Shore
Riley Damiani
Steven Ruggiero
Taylor Cammarata
Tobias Geisser
Trey Fix-Wolansky
Vitaly Abramov,0,68.0,2.0,2.0,69.0,55.0,60.0,1.0,60.0,61.0,69.0,69.0,35.0,33.0,52.0,2.0,1.0,2.0
Alexander Alexeyev
Declan Chisholm
Dmitry Zavgorodniy
Grigori Denisenko
Martin Fehervary,0,69.0,6.0,1.0,69.0,57.0,62.0,1.0,69.0,69.0,69.0,62.0,35.0,33.0,52.0,1.0,1.0,6.0
Noah Dobson,0,67.0,34.0,1.0,70.0,63.0,70.0,1.0,70.0,70.0,67.0,65.0,35.0,33.0,56.0,1.0,1.0,34.0
Veini Vehvilainen
Ville Meskanen
Lawrence Pilut,0,68.0,13.0,2.0,74.0,60.0,69.0,1.0,67.0,67.0,71.0,64.0,35.0,33.0,53.0,2.0,1.0,13.0
Alex Barre-Boulet
Emil Larmi
Barrett Hayton,0,68.0,20.0,1.0,70.0,60.0,62.0,1.0,70.0,65.0,66.0,64.0,35.0,33.0,54.0,1.0,1.0,20.0
Ben Johnson
Cody Glass,0,65.0,39.0,1.0,74.0,64.0,70.0,1.0,72.0,74.0,66.0,69.0,35.0,33.0,58.0,1.0,1.0,39.0
Cody Wild
David Hrenak
Hampus Melen
Hunter Drew
Jake Marchment
Jakob Ragnarsson
Jeremy Davies
Joni Tuulola
Lenni Killinen
Marian Studenic
Merrick Madsen
Michael Pezzetta
Nicolas Beaudin,0,69.0,1.0,1.0,69.0,55.0,70.0,1.0,60.0,59.0,68.0,62.0,35.0,33.0,48.0,1.0,1.0,1.0
Nikita Popugaev
Nolan Stevens
Patrick Sanvido
Rudolfs Balcers,0,69.0,15.0,2.0,74.0,61.0,70.0,1.0,72.0,74.0,67.0,68.0,35.0,33.0,56.0,2.0,1.0,15.0
Ryan Segalla
Sam Lafferty,0,74.0,50.0,1.0,71.0,65.0,65.0,1.0,71.0,69.0,69.0,70.0,35.0,33.0,59.0,1.0,1.0,50.0
Samuel Dove-McFalls
Trenton Bourque
Aleksi Heponiemi
Anthony Florentino
Brandon Hagel,0,69.0,1.0,1.0,69.0,55.0,70.0,1.0,60.0,60.0,67.0,60.0,35.0,33.0,50.0,1.0,1.0,1.0
Brandon Halverson
Brandon Saigeon
Brendan De Jong
Brendan Warren
Cameron Crotty
Cayden Primeau
Chase Perry
Chaz Reddekopp
Fredrik Karlstrom
Gavin Hain
Giorgio Estephan
Graham Knott
Ivan Lodnia
Jack Sadek
Jackson Houck
Jacob Friend
Jacob Peterson
Jason Robertson,0,63.0,3.0,1.0,69.0,56.0,70.0,1.0,69.0,69.0,66.0,60.0,35.0,33.0,52.0,1.0,1.0,3.0
Jonathan-Ismael Diaby
Joona Koppanen
Josh Brown,0,73.0,56.0,2.0,74.0,65.0,64.0,1.0,69.0,61.0,70.0,68.0,37.0,35.0,58.0,2.0,1.0,56.0
Lane Zablocki
Lukas Vejdemo,0,69.0,7.0,1.0,69.0,57.0,70.0,1.0,60.0,61.0,66.0,69.0,35.0,33.0,52.0,1.0,1.0,7.0
Max Gildon
Noah Rod
Patrick Harper
Ryan Zuhlsdorf
Santtu Kinnunen
Tanner Laczynski
Thomas DiPauli
Thomas Schemitsch
Tyler Wall
Ville Rasanen
Artem Manukyan
Austin Osmanski
Ben Mirageas
Billy Ryan
Bogdan Yakimov,0,63.0,0.0,1.0,65.0,60.0,70.0,0.0,54.0,53.0,59.0,54.0,35.0,33.0,46.0,1.0,0.0,0.0
Brandon Archibald
Chris Crane
Christophe Lalancette
David Fredriksson
Dillon Fournier
Eemeli Rasanen
Eetu Tuulola
Evan Cowley
Giovanni Vallati
Gustav Olhaver
Ivan Nalimov
Jack Perbix
Jake McGrew
James Melindy
Jarrod Maidens
Jens Looke
Jocktan Chainey
Joe Ryan
Johan Motin,0,63.0,0.0,1.0,67.0,60.0,70.0,0.0,54.0,53.0,59.0,56.0,37.0,35.0,44.0,1.0,0.0,0.0
Jonah Gadjovich
Joren Van Pottelberghe
Joshua Turnbull
Juho Mielonen
Justin Daniels
Kalle Olsson
Keith Petruzzelli
Kevin Harvey
Kristian Vesalainen,0,58.0,0.0,1.0,61.0,56.0,70.0,0.0,65.0,61.0,61.0,57.0,35.0,33.0,48.0,1.0,0.0,0.0
Kyle De Coste
Kyle Moir
Lukas Vantuch
Mattia Marcantuoni
Mike McKee
Nicholas Tremblay
Nick Magyar
Nicolas Hague,0,74.0,38.0,1.0,74.0,64.0,64.0,1.0,74.0,74.0,66.0,65.0,35.0,33.0,58.0,1.0,1.0,38.0
Petteri Simila
Reece Willcox
Robin Kovacs
Ryan Gropp
Ryan Jones,0,65.0,0.0,6.0,64.0,60.0,66.0,0.0,60.0,59.0,59.0,58.0,62.0,60.0,49.0,6.0,0.0,0.0
Ryan Kujawinski
Samuel Montembeault
Seth Ambroz
Stefan Ridderwall
Stephen Desrocher
Tanner Faith
Teemu Kivihalme
Tim Boyle
Travis Erstad
Vladislav Kara
Zane Gothberg
Aleksi Makela
Ales Stezka
Alexander Delnov
Alexander Pechurski
Brent Moran
Brian Hart
Brooks Macek
Cameron Reid
Carl Grundstrom,0,70.0,13.0,2.0,70.0,59.0,67.0,1.0,70.0,70.0,65.0,67.0,35.0,33.0,55.0,2.0,1.0,13.0
Cole Guttman
Colin Jacobs
Dalyn Flatt
Daultan Leveille
David MacDonald
Dean Stewart
Denis Stasyuk
Dillon Donnelly
Eetu Makiniemi
Eric Locke
German Rubtsov,0,69.0,4.0,1.0,69.0,56.0,70.0,1.0,60.0,59.0,67.0,60.0,35.0,33.0,50.0,1.0,1.0,4.0
Gianluca Curcuruto
Givani Smith,0,70.0,21.0,1.0,70.0,60.0,66.0,1.0,64.0,60.0,65.0,67.0,35.0,33.0,53.0,1.0,1.0,21.0
Grant Besse
Jake Massie
Jake Pivonka
Jarret Tyszka
Jean-Michel Rizk
Jesper Pettersson
Jordan Knackstedt
Kieran Millan
Liam Gorman
Markus Niemelainen
Mathieu Aubin
Michael Downing
Mitch Wheaton
Nicolas Blanchard,0,69.0,0.0,1.0,63.0,60.0,45.0,0.0,54.0,53.0,59.0,54.0,40.0,38.0,46.0,1.0,0.0,0.0
Nolan DeJong
Olli Juolevi
Pascal Laberge
Patrick Shea
Paul Karpowich
Peter Thome
Pontus Sjalin
Richard Greenop
Robin Norell
Ryan Poehling,0,69.0,27.0,2.0,70.0,59.0,70.0,1.0,62.0,64.0,68.0,70.0,35.0,33.0,55.0,2.0,1.0,27.0
Samuel Ersson
Sean Collins
Tanner Kaspick
Timothy Liljegren,0,65.0,11.0,1.0,69.0,58.0,70.0,1.0,69.0,66.0,69.0,62.0,35.0,33.0,52.0,1.0,1.0,11.0
Tomas Marcinko
Tyler Haskins
Vincent Dunn
Isac Lundestrom,0,65.0,15.0,2.0,70.0,59.0,70.0,1.0,70.0,70.0,68.0,60.0,35.0,33.0,54.0,2.0,1.0,15.0
Jonatan Berggren
Serron Noel
Aarne Talvitie
Adam Ruzicka
Aki Seitsonen
Alex Lepkowski
Alexander Khovanov
Blake Hillman,0,63.0,0.0,1.0,69.0,56.0,70.0,0.0,54.0,53.0,69.0,69.0,35.0,33.0,47.0,1.0,0.0,0.0
Brett Leason
Brian Pinho
David Shields
David Westlund
Dwyer Tschantz
Eeli Tolvanen,0,64.0,0.0,2.0,67.0,56.0,70.0,0.0,66.0,67.0,62.0,66.0,35.0,33.0,52.0,2.0,0.0,0.0
Eetu Luostarinen,0,68.0,8.0,1.0,69.0,57.0,70.0,1.0,69.0,69.0,65.0,60.0,35.0,33.0,53.0,1.0,1.0,8.0
Emil Bemstrom,0,67.0,56.0,1.0,74.0,65.0,70.0,1.0,72.0,74.0,66.0,72.0,35.0,33.0,60.0,1.0,1.0,56.0
Evan Barratt
Francois Brassard
Gabriel Vilardi,0,62.0,10.0,1.0,69.0,58.0,69.0,1.0,69.0,69.0,66.0,69.0,35.0,33.0,54.0,1.0,1.0,10.0
Greg Chase
Grigory Misharin
Henri Jokiharju,0,69.0,69.0,2.0,77.0,65.0,69.0,1.0,75.0,72.0,72.0,67.0,35.0,33.0,62.0,2.0,1.0,69.0
Jack Becker
Jacob Bryson
Jacob Ingham
James Spratt
Jaret Anderson-Dolan,0,66.0,4.0,2.0,69.0,56.0,70.0,1.0,65.0,64.0,65.0,60.0,35.0,33.0,51.0,2.0,1.0,4.0
"Jay O'Brien"
Jesse Dudas
Joey Keane
Jonne Tammela
Kirill Maksimov
Linus Hogberg
Lucas Elvenes
Luka Bolf
Luke Henman
Luke Johnson,0,69.0,3.0,2.0,69.0,57.0,67.0,1.0,63.0,60.0,69.0,60.0,35.0,33.0,51.0,2.0,1.0,3.0
Matej Trovosky
Max Willman
Michael Anderson
Michael Cichy
Mitchell Dempsey
Nathan Davis
Oskari Laaksonen
Parker Foo
Pavel Koltygin
Rasmus Bodin
Reid McNeill
Rick Kozak
Sawyer Hannay
Semyon DerArguchintsev
Sergei Boikov
Sergei Topol
Timothy Kunes
Tyler Madden
Tyler Soy
Yegor Sharangovich
Cameron Hebig
Anton Burdasov
Alex Schoenborn
Alexander Deilert
Antoine Morand
Anton Karlsson
Arvid Henrikson
Bulat Shafigullin
Cam Hillis
Carsen Twarynski,0,69.0,15.0,1.0,69.0,59.0,70.0,1.0,60.0,59.0,67.0,65.0,35.0,33.0,52.0,1.0,1.0,15.0
Cody Beach
Cole Krygier
Dan Dunn
Daniel Vladar
David Noel
Dominik Bokk
Grant Mismash
Hugo Fagerblom
Jake Hansen
Jakob Stukel
Jesper Sellgren
Joseph Cecconi
Justin Kirkland
Jyri Niemi
Kellen Jones
Lauri Pajuniemi
Marcus Karlstrom
Matej Tomek
Matthew Spencer
Michael Ratchuk
Miguel Fidler
Mitchell Gibson
Nick Eno
Nick Suzuki,0,68.0,71.0,1.0,77.0,85.0,75.0,1.0,78.0,80.0,67.0,72.0,35.0,33.0,63.0,1.0,1.0,71.0
Nolan Vesey
Reilly Webb
Rhett Gardner,0,67.0,8.0,1.0,69.0,57.0,70.0,1.0,60.0,59.0,69.0,60.0,35.0,33.0,50.0,1.0,1.0,8.0
Riley Sutter
Teemu Eronen
Tim Harrison
Tyler Stahl
Victor Berglund
Zach Pochiro
Zachary Gallant
Zachary Yuen
William Lagesson,0,65.0,8.0,1.0,69.0,57.0,70.0,1.0,60.0,59.0,69.0,62.0,35.0,33.0,49.0,1.0,1.0,8.0
John Leonard
Kirill Marchenko
Rasmus Sandin,0,68.0,28.0,1.0,70.0,62.0,70.0,1.0,70.0,70.0,68.0,66.0,35.0,33.0,55.0,1.0,1.0,28.0
Samuel Fagemo
Simon Johansson
Xavier Bernard
Pyotr Kochetkov
Vitali Kravtsov
Cam Dineen
Cole Candella
Connor Crisp
Cristiano DiGiacinto
Damir Sharipzyanov
Dennis Yan
Jack Glover
Jakob Stenqvist
Jakub Galvas
Jordan Kyrou,0,64.0,28.0,2.0,72.0,60.0,69.0,1.0,71.0,71.0,66.0,69.0,35.0,33.0,56.0,2.0,1.0,28.0
Julius Bergman
Justin Brazeau
Kevin Hancock
Linus Nassen
Matthew Cairns
Mike Williamson
Nick Henry
Otto Somppi
Patrick Holway
Petrus Palmu
Santeri Virtanen
Scott Perunovich
Sean Durzi
Sergey Zborovskiy
Tyler Steenbergen
Julius Bergman
Cale Morris
Jake Kielly
Jakob Lilja,0,67.0,37.0,1.0,71.0,64.0,70.0,1.0,66.0,66.0,66.0,64.0,35.0,33.0,55.0,1.0,1.0,37.0
Adam Parsells
Alex Peters
Brandon Kruse
Brendan Collier
Brett McKenzie
Chris Leblanc
Colin Sullivan
Derek Rodwell
Dominik Masin
Dylan Gambrell,0,68.0,50.0,3.0,73.0,60.0,69.0,1.0,68.0,67.0,70.0,66.0,35.0,33.0,57.0,3.0,1.0,50.0
Eetu Pakkila
Fredrik Bergvik
Ivan Prosvetov
Jake Bean,0,64.0,0.0,1.0,63.0,55.0,51.0,0.0,57.0,56.0,62.0,58.0,35.0,33.0,45.0,1.0,0.0,0.0
Jared Fiegl
Joe Basaraba
John McCarron
Johnathan MacLeod
Jonas Siegenthaler,0,70.0,64.0,2.0,75.0,64.0,67.0,1.0,73.0,69.0,80.0,64.0,35.0,33.0,61.0,2.0,1.0,64.0
Jordan Stallard
Keaton Middleton
Keegan Kanzig
Liam Foudy,0,69.0,2.0,1.0,69.0,55.0,70.0,1.0,69.0,69.0,66.0,60.0,35.0,33.0,52.0,1.0,1.0,2.0
Marc-Olivier Roy
Matej Pekar
Mathias Laferriere
Matt Auffrey
Matt Roy,0,73.0,70.0,2.0,77.0,65.0,75.0,1.0,74.0,75.0,74.0,70.0,36.0,34.0,64.0,2.0,1.0,70.0
Max Gardiner
Miles Gendron
Nicholas Torp
Nicolas Meloche
Olle Eriksson Ek
Parker Wotherspoon
Petr Kvaca
Philipp Kurashev
Philippe Cornet,0,59.0,0.0,1.0,65.0,60.0,70.0,0.0,69.0,68.0,59.0,54.0,36.0,34.0,49.0,1.0,0.0,0.0
Ryley Grantham
Sebastian Repo
Shane Bowers
Tyler Vesel
Zachary Lauzon
Collin Delia
Jani Hakanpaa,0,69.0,5.0,1.0,69.0,56.0,70.0,1.0,60.0,59.0,69.0,69.0,35.0,33.0,50.0,1.0,1.0,5.0
Adam Smith
Anthony Brodeur
Antti Palojarvi
Bode Wilde
Brandon Baddock
Cole Koepke
Drake Batherson,0,74.0,23.0,2.0,74.0,60.0,68.0,1.0,74.0,74.0,66.0,70.0,35.0,33.0,58.0,2.0,1.0,23.0
Dylan Samberg
Filip Kral
Ian Mitchell
Jachym Kondelik
Jacob Bernard-Docker
Joey Anderson,0,68.0,18.0,2.0,74.0,61.0,70.0,1.0,68.0,66.0,74.0,72.0,35.0,33.0,56.0,2.0,1.0,18.0
Jonathan Davidsson,0,64.0,6.0,1.0,66.0,57.0,70.0,1.0,69.0,69.0,65.0,60.0,35.0,33.0,52.0,1.0,1.0,6.0
Joni Ikonen
Jordan Fransoo
Markus Ruusu
Nikita Pavlychev
Oskar Steen
Parker Kelly
Pavel Jenys
Roope Laavainen
Ryan Shea
Sergei Kukushin
Steven Johnson
Terrance Amorosa
Tomas Vomacka
Vojtech Budik
Axel Andersson
Gabriel Fortier
Joel Farabee,0,68.0,52.0,1.0,76.0,65.0,64.0,1.0,74.0,73.0,67.0,71.0,35.0,33.0,60.0,1.0,1.0,52.0
Jonathan Gruden
Justus Annunen
Kevin Mandolese
Rasmus Kupari
Brandon Halverson
Joel Daccord
Miles Gendron
Aaron Luchuk
Adam Mascherin
Andrew Nielsen
Brendan Woods,0,64.0,0.0,2.0,63.0,60.0,50.0,0.0,54.0,56.0,59.0,54.0,35.0,33.0,46.0,2.0,0.0,0.0
Cale Makar,0,69.0,57.0,1.0,78.0,65.0,70.0,1.0,78.0,78.0,67.0,78.0,35.0,33.0,63.0,1.0,1.0,57.0
Calle Sjalin
Dante Fabbro,0,71.0,64.0,2.0,77.0,63.0,68.0,1.0,71.0,68.0,70.0,73.0,35.0,33.0,61.0,2.0,1.0,64.0
David Farrance
David Tendeck
Devante Stephens
Filip Gustavsson
Gage Ausmus
Graham McPhee
Harri Ilvonen
Henrik Bjorklund
Jack Gorniak
Jaden Lindo
Jake Leschyshyn
Jason Lynch
Jean Levasseur
Joseph Woll
Kasper Kotkansalo
Kirill Ustimenko
Luke Moffatt
Malte Setkov
Maxime Frechette
Michael Schumacher
Michael Zador
Michal Valent
Mikael Holmqvist
Mitch Fadden
Morgan Clark
Nick Larson
Nick Moutrey
Nicklas Lasu
Otto Kivenmaki
Rasmus Bengtsson
Riley Tufte
Roy Radke
Ryan Rehill
Sam Jardine
"Skyler Brind'Amour"
Stephane Goulet
Tomas Pospisil
Tony Romano
Vincent Desharnais
"Will O'Neill",0,54.0,0.0,1.0,63.0,55.0,70.0,0.0,54.0,53.0,59.0,56.0,38.0,36.0,43.0,1.0,0.0,0.0
Austen Brassard
Blake McLaughlin
Brady Gilmour
Branden Troock
Jeremy Lauzon,0,70.0,19.0,2.0,70.0,59.0,63.0,1.0,65.0,58.0,70.0,70.0,35.0,33.0,53.0,2.0,1.0,19.0
Carl Neill
Curtis Hall
Damien Giroux
Daniil Sobchenko
Erik Kallgren
Frederic Allard
J.P. Anderson
Jack Adams
Jakov Novak
Jan Kostalek
Jean Beaudin
Jonathan Ang
Justin Kea
Kevin Elgestal
Kody Clark
Kyle Burroughs
Kyle Pettit
Luke Martin
Marcus Davidsson
Mattias Elfstrom
Michael Gergen
Michael Karow
Nathan Noel
Noah Carroll
Olof Lindbom
Philip Nyberg
Sean Malone,0,59.0,0.0,1.0,66.0,60.0,70.0,0.0,54.0,56.0,60.0,54.0,35.0,33.0,46.0,1.0,0.0,0.0
Steven Hodges
Vili Saarijarvi
Zach Nagelvoort
Zachary Senyshyn
Ivan Morozov
Martin Kaut,0,66.0,9.0,1.0,69.0,57.0,70.0,1.0,69.0,69.0,65.0,69.0,35.0,33.0,54.0,1.0,1.0,9.0
Hugh McGing
Kale Clague,0,64.0,4.0,1.0,69.0,56.0,68.0,1.0,60.0,57.0,67.0,62.0,35.0,33.0,48.0,1.0,1.0,4.0
Mikhail Berdin
Jonas Johansson
Rasmus Asplund,0,65.0,29.0,1.0,70.0,62.0,70.0,1.0,66.0,65.0,70.0,63.0,35.0,33.0,54.0,1.0,1.0,29.0
Adam Fox,0,71.0,70.0,1.0,78.0,83.0,70.0,1.0,79.0,79.0,68.0,74.0,35.0,33.0,65.0,1.0,1.0,70.0
Cameron Clarke
Casey Fitzgerald
Cliff Pu
Collin Adams
Connor Dewar
"D'Artagnan Joly"
Dawson Barteaux
Dmitri Samorukov
Drake Rymsha
Jake Ryczek
Jan Jenik
Jeff Taylor
John Nyberg
Josiah Didier
Kris Oldham
Loik Leveille
Martin Necas,0,67.0,64.0,3.0,75.0,61.0,70.0,1.0,74.0,76.0,66.0,73.0,35.0,33.0,61.0,3.0,1.0,64.0
Martin Ouellette
Matthew Berkovitz
Michael Spacek
Miles Liberati
Nikita Shashkov
Paul Bittner
Philippe Hudon
Rem Pitlick,0,61.0,0.0,1.0,64.0,55.0,45.0,0.0,57.0,56.0,61.0,57.0,35.0,33.0,46.0,1.0,0.0,0.0
Rhett Holland
Sam Hentges
Samuel Houde
Seth Barton
Shamil Shmakov
Steven Shipley
Tom Novak
Tyler Beskorowany
Emilio Pettersen
Jakub Lauko
Kevin Bahl
Yegor Sokolov
Joel Persson,0,64.0,13.0,1.0,69.0,59.0,70.0,1.0,69.0,68.0,66.0,62.0,35.0,33.0,52.0,1.0,1.0,13.0
Oliwer Kaski
Alexis Pepin
Alexis Vanier
Alfons Malmstrom
Anton Krysanov
Brady Austin,0,63.0,0.0,1.0,68.0,60.0,65.0,0.0,54.0,55.0,61.0,56.0,35.0,33.0,45.0,1.0,0.0,0.0
Brandon Crawley
Brandon Gignac,0,60.0,0.0,1.0,63.0,55.0,70.0,0.0,57.0,56.0,63.0,57.0,35.0,33.0,47.0,1.0,0.0,0.0
Connor Bunnaman,0,68.0,21.0,1.0,70.0,60.0,70.0,1.0,64.0,60.0,65.0,64.0,35.0,33.0,53.0,1.0,1.0,21.0
Conor Timmins,0,63.0,2.0,1.0,69.0,55.0,70.0,1.0,60.0,62.0,68.0,62.0,35.0,33.0,48.0,1.0,1.0,2.0
David Broll,0,68.0,0.0,1.0,62.0,60.0,50.0,0.0,66.0,63.0,59.0,54.0,35.0,33.0,48.0,1.0,0.0,0.0
Dmitry Zhukenov
Doyle Somerby
Erik Walli-Walterholm
Jake Paterson
Jimmy Lodge
Jordan Harris
Liam Dunda
Liam Kirk
Louie Caporusso
Luke Green
Manuel Wiederer
Marek Viedensky
Matt Schmalz
Matthew Thiessen
Miska Kukkonen
Mitch Moroz
Nick Campoli
Noel Hoefenmayer
Olivier Leblanc
Owen Tippett,0,60.0,0.0,1.0,66.0,57.0,70.0,0.0,54.0,53.0,60.0,64.0,35.0,33.0,47.0,1.0,0.0,0.0
Philippe Desrosiers
Rodrigo Abols
Ryan Hegarty
Ryan Tesink
Steven Spinner
Tim Berni
Wade Allison
Wade Murphy
Wiley Sherman
Adam Janosik
Adam Wilcox
Alex Theriau
Andrew Sarauer
Axel Holmstrom
Brett Hextall
Brett Morrison
Brett Murray
Brett Ponich
Casey Pierro-Zabotel
Colby Williams
Daniel Brodin
Daniil Tarasov,0,58.0,0.0,1.0,61.0,60.0,70.0,0.0,66.0,63.0,59.0,54.0,35.0,33.0,48.0,1.0,0.0,0.0
David Cotton
Deven Sideroff
Fredric Larsson
Garrett Wilson,0,67.0,0.0,4.0,64.0,64.0,63.0,0.0,65.0,62.0,65.0,61.0,39.0,37.0,51.0,4.0,0.0,0.0
Harrison Ruopp
Henri Kiviaho
Ian Scott
Jacob Kucharski
James Pemberton
Jan Zapletal
Jason Smith,0,69.0,0.0,1.0,69.0,60.0,66.0,0.0,54.0,53.0,62.0,57.0,60.0,58.0,46.0,1.0,0.0,0.0
Jesper Lindgren
John Draeger
Joonas Lyytinen
Jordan Bendfeld
Jordan Southorn
Justin Almeida
Justin Sefton
Keaton Thompson
Keegan Iverson
Keith Seabrook
Kristians Pelss
Linus Olund
Luc Snuggerud
Mason Geertsen
Matthew Bradley
Maxim Semenov
Maxime Comtois
Maximilian Pajpach
Michael Brodzinski
Mike Sullivan
Mitchell Theoret
Nick Larson
Nick Leivermann
Nicolas Mattinen
Patrick McNeill
Peter Aston
Pier-Oliver Pelletier
Raphael Bussieres
Ryan McLeod
Simon Karlsson
Simon Kjellberg
Theodor Blueger
Tim Soderlund
Travis Ewanyk
Tyrell Mason
Zac Leslie
Zach Nastasiuk
Ruslan Iskhakov
